"Thompson's 汤普森","https://worldcloudshops-ssl.cdn.aladdin.nz/media/manufacturer/9.png"
"Good health 好健康","https://worldcloudshops-ssl.cdn.aladdin.nz/media/manufacturer/2.png"
"Clinicians 科立纯","https://worldcloudshops-ssl.cdn.aladdin.nz/media/manufacturer/6.png"
"Careline","https://worldcloudshops-ssl.cdn.aladdin.nz/media/manufacturer/70.jpg"
"GO Healthy 高之源","https://worldcloudshops-ssl.cdn.aladdin.nz/media/manufacturer/lADOnDVpCDl9_125_57.jpg"
"MITOQ","https://worldcloudshops-ssl.cdn.aladdin.nz/media/manufacturer/mitoq-logo.jpg"
"Swisse","https://worldcloudshops-ssl.cdn.aladdin.nz/media/manufacturer/Swisse.png"
"Nutralife 纽乐","https://worldcloudshops-ssl.cdn.aladdin.nz/media/manufacturer/Nutra-life.jpg"
"Blackmores 澳佳宝","https://worldcloudshops-ssl.cdn.aladdin.nz/media/manufacturer/bm.png"
"Comvita 康维他","https://worldcloudshops-ssl.cdn.aladdin.nz/media/manufacturer/10.jpg"
"Manuka Health 蜜纽康","https://worldcloudshops-ssl.cdn.aladdin.nz/media/manufacturer/manukau.png"
"Parrs 帕氏","https://worldcloudshops-ssl.cdn.aladdin.nz/media/manufacturer/parrs.png"
"Healtheries 贺寿利","https://worldcloudshops-ssl.cdn.aladdin.nz/media/manufacturer/3.png"
"Supreme Health","https://worldcloudshops-ssl.cdn.aladdin.nz/media/manufacturer/supermehealth.png"
"Jurlique 茱莉蔻","https://worldcloudshops-ssl.cdn.aladdin.nz/media/manufacturer/jurlique.png"
"Artemis","https://worldcloudshops-ssl.cdn.aladdin.nz/media/manufacturer/87.Artemis.jpg"
"NelsonHoney 尼尔森","https://worldcloudshops-ssl.cdn.aladdin.nz/media/manufacturer/Nelson-Honey-logo.jpg"
"Thursday Plantation 星期四农庄","https://worldcloudshops-ssl.cdn.aladdin.nz/media/manufacturer/54.jpg"
"Anmum 安满","https://worldcloudshops-ssl.cdn.aladdin.nz/media/manufacturer/Anmum-logo.jpg"
"EnerVite 澳乐维他","https://worldcloudshops-ssl.cdn.aladdin.nz/media/manufacturer/EnerVite-logo.jpg"
"BIO-E","https://worldcloudshops-ssl.cdn.aladdin.nz/media/manufacturer/BIO-logo.jpg"
"Prolife","https://worldcloudshops-ssl.cdn.aladdin.nz/media/manufacturer/pro-life.png"
"Merino 美丽诺","https://worldcloudshops-ssl.cdn.aladdin.nz/media/manufacturer/58.jpg"
"Bio Island","https://worldcloudshops-ssl.cdn.aladdin.nz/media/manufacturer/24.jpg"
"Olivia","https://worldcloudshops-ssl.cdn.aladdin.nz/media/manufacturer/125x57.jpg"
"DDMASK","https://worldcloudshops-ssl.cdn.aladdin.nz/media/manufacturer/DDmask-logo.jpg"
"Suki Bakery","https://worldcloudshops-ssl.cdn.aladdin.nz/media/manufacturer/sb.jpg"
"Hipp 喜宝","https://worldcloudshops-ssl.cdn.aladdin.nz/media/manufacturer/hipp-logo.jpg"
"The Goat Skincare","https://worldcloudshops-ssl.cdn.aladdin.nz/media/manufacturer/61.jpg"
"Radiance","https://worldcloudshops-ssl.cdn.aladdin.nz/media/manufacturer/5.jpg"
"Sukin","https://worldcloudshops-ssl.cdn.aladdin.nz/media/manufacturer/90.Sukin.jpg"
"Femfresh","https://worldcloudshops-ssl.cdn.aladdin.nz/media/manufacturer/89.fremfresh.jpg"
"Maxi-Cosi 迈可适","https://worldcloudshops-ssl.cdn.aladdin.nz/media/manufacturer/maxicosi-logo.jpg"
"Ostelin","https://worldcloudshops-ssl.cdn.aladdin.nz/media/manufacturer/88.Ostelin.jpg"
"Max Biocare","https://worldcloudshops-ssl.cdn.aladdin.nz/media/manufacturer/max.jpg"
"Penfolds 奔富","https://worldcloudshops-ssl.cdn.aladdin.nz/media/manufacturer/benfolds.jpg"
"DQ-LOVE","https://worldcloudshops-ssl.cdn.aladdin.nz/media/manufacturer/logo.png"
"Balance 宝伦斯","https://worldcloudshops-ssl.cdn.aladdin.nz/media/manufacturer/balance-logo.jpg"
"OneOne 奥尼","https://worldcloudshops-ssl.cdn.aladdin.nz/media/manufacturer/one--02.jpg"
"Maxigenes 美可卓","https://worldcloudshops-ssl.cdn.aladdin.nz/media/manufacturer/69.jpg"
"Skip Hop","https://worldcloudshops-ssl.cdn.aladdin.nz/media/manufacturer/72.jpg"
"Trunki","https://worldcloudshops-ssl.cdn.aladdin.nz/media/manufacturer/73.jpg"
"MEO","https://worldcloudshops-ssl.cdn.aladdin.nz/media/manufacturer/MEO-Logo.jpg"
"MamaCare","https://worldcloudshops-ssl.cdn.aladdin.nz/media/manufacturer/68.jpg"
"SWAROVSKI 施华洛世奇","https://worldcloudshops-ssl.cdn.aladdin.nz/media/manufacturer/srs-logo.jpg"
"Lifemum","https://worldcloudshops-ssl.cdn.aladdin.nz/media/manufacturer/lifemum-logo.jpg"
"Harker","https://worldcloudshops-ssl.cdn.aladdin.nz/media/manufacturer/41.jpg"
"Life Space","https://worldcloudshops-ssl.cdn.aladdin.nz/media/manufacturer/ls-logo.jpg"
"Linden Leaves","https://worldcloudshops-ssl.cdn.aladdin.nz/media/manufacturer/Linden_Leaves_Skincare_Logo.png"
"Ctomi","https://worldcloudshops-ssl.cdn.aladdin.nz/media/manufacturer/ctomi-logo.jpg"
"Puria 培尔","https://worldcloudshops-ssl.cdn.aladdin.nz/media/manufacturer/puria.jpg"
"AlpineSilk","https://worldcloudshops-ssl.cdn.aladdin.nz/media/manufacturer/57.jpg"
"Nature's Way 绿之华","https://worldcloudshops-ssl.cdn.aladdin.nz/media/manufacturer/64.jpg"
"Babich 百祺","https://worldcloudshops-ssl.cdn.aladdin.nz/media/manufacturer/logo-babich.jpg"
"Sambucol","https://worldcloudshops-ssl.cdn.aladdin.nz/media/manufacturer/36.jpg"
"Contigo","https://worldcloudshops-ssl.cdn.aladdin.nz/media/manufacturer/contigo.jpg"
"Devondale 德运","https://worldcloudshops-ssl.cdn.aladdin.nz/media/manufacturer/33.jpg"
"A2","https://worldcloudshops-ssl.cdn.aladdin.nz/media/manufacturer/a2.jpg"
"Savar","https://worldcloudshops-ssl.cdn.aladdin.nz/media/manufacturer/79-Savar.jpg"
"Bellamy's 贝拉米","https://worldcloudshops-ssl.cdn.aladdin.nz/media/manufacturer/32.jpg"
"EVER UGG","https://worldcloudshops-ssl.cdn.aladdin.nz/media/manufacturer/ugg.jpg"
"Cancer Society","https://worldcloudshops-ssl.cdn.aladdin.nz/media/manufacturer/cancer.png"
"Wyeth 惠氏","https://worldcloudshops-ssl.cdn.aladdin.nz/media/manufacturer/31.jpg"
"Dr.Corish","https://worldcloudshops-ssl.cdn.aladdin.nz/media/manufacturer/26.jpg"
"Royalife ","https://worldcloudshops-ssl.cdn.aladdin.nz/media/manufacturer/royalife.jpg"
"Whittakers 惠特克","https://worldcloudshops-ssl.cdn.aladdin.nz/media/manufacturer/whittakeis.png"
"Sweet Meadow","https://worldcloudshops-ssl.cdn.aladdin.nz/media/manufacturer/sweet-meadow.png"
"Repel","https://worldcloudshops-ssl.cdn.aladdin.nz/media/manufacturer/repel.png"
"Oasis","https://worldcloudshops-ssl.cdn.aladdin.nz/media/manufacturer/oasis.png"
"Lucas Papaw","https://worldcloudshops-ssl.cdn.aladdin.nz/media/manufacturer/lucas.png"
"Mum Omega","https://worldcloudshops-ssl.cdn.aladdin.nz/media/manufacturer/mum-omega.png"
"Jack N'Jill","https://worldcloudshops-ssl.cdn.aladdin.nz/media/manufacturer/jack.png"
"ecoroa","https://worldcloudshops-ssl.cdn.aladdin.nz/media/manufacturer/ecoroa.png"
"Eco Store","https://worldcloudshops-ssl.cdn.aladdin.nz/media/manufacturer/17.jpg"
"Centrum","https://worldcloudshops-ssl.cdn.aladdin.nz/media/manufacturer/centrum.png"
"Beauteous","https://worldcloudshops-ssl.cdn.aladdin.nz/media/manufacturer/beauteous.png"
"Du'it","https://worldcloudshops-ssl.cdn.aladdin.nz/media/manufacturer/42.jpg"
"Antipodes 安媞珀","https://worldcloudshops-ssl.cdn.aladdin.nz/media/manufacturer/28.jpg"
"Bio-Oil","https://worldcloudshops-ssl.cdn.aladdin.nz/media/manufacturer/bio-oil.png"
"Nordic Naturals 挪威小鱼","https://worldcloudshops-ssl.cdn.aladdin.nz/media/manufacturer/48.jpg"
"Sun Sense","https://worldcloudshops-ssl.cdn.aladdin.nz/media/manufacturer/81-sunsense.jpg"
"Bioglan","https://worldcloudshops-ssl.cdn.aladdin.nz/media/manufacturer/Bioglan.png"
"Made4Baby","https://worldcloudshops-ssl.cdn.aladdin.nz/media/manufacturer/made4baby.png"
"Lamy 凌美","https://worldcloudshops-ssl.cdn.aladdin.nz/media/manufacturer/lamy-logo.jpg"
"KidzMinerals","https://worldcloudshops-ssl.cdn.aladdin.nz/media/manufacturer/k.png"
"Efamol","https://worldcloudshops-ssl.cdn.aladdin.nz/media/manufacturer/82-Efamol.jpg"
"Karicare 可瑞康","https://worldcloudshops-ssl.cdn.aladdin.nz/media/manufacturer/18.jpg"
"Red Seal 红印","https://worldcloudshops-ssl.cdn.aladdin.nz/media/manufacturer/4.png"
"LifeStream 生命泉","https://worldcloudshops-ssl.cdn.aladdin.nz/media/manufacturer/lifestream-logo.png"
"Trilogy 趣乐活","https://worldcloudshops-ssl.cdn.aladdin.nz/media/manufacturer/16.jpg"
"Anchor 安佳","https://worldcloudshops-ssl.cdn.aladdin.nz/media/manufacturer/an.png"
